SCR,FCR,Company,Data da última verificação do website,Country (if different than PT),Other info,Stage,Sector,Data Investimento,Fonte,Notas
ES Ventures,ESV I,Banco Best,09/2016,,,Exited,IT,,http://www.es-ventures.com/en/portfolio/,
ES Ventures,ESV I,Clarity,09/2016,,,Exited,IT,,http://www.es-ventures.com/en/portfolio/,
ES Ventures,ESV I,Contact,09/2016,,,,IT,,http://www.es-ventures.com/en/portfolio/,
ES Ventures,ESV I,Espírito Santo Interaction,09/2016,,,Exited,IT,,http://www.es-ventures.com/en/portfolio/,
ES Ventures,ESV I,Hotelnet,09/2016,,,,,,http://www.es-ventures.com/en/portfolio/,
ES Ventures,ESV I,Megamedia,09/2016,,,,IT,,http://www.es-ventures.com/en/portfolio/,
ES Ventures,ESV I,Megamedia,09/2016,,,,IT,,http://www.es-ventures.com/en/portfolio/,
ES Ventures,ESV I,Milcom,09/2016,,,,IT,,http://www.es-ventures.com/en/portfolio/,
ES Ventures,ESV I,Novabase,09/2016,,,Exited,IT,,http://www.es-ventures.com/en/portfolio/,
ES Ventures,ESV I,Quadriga,09/2016,,,,,,http://www.es-ventures.com/en/portfolio/,
ES Ventures,ESV I,Vortal,09/2016,,,,IT,,http://www.es-ventures.com/en/portfolio/,
ES Ventures,ESV I,Yunit,09/2016,,,,IT,,http://www.es-ventures.com/en/portfolio/,
ES Ventures,ESV II,AquaSpy,09/2016,EUA,,,cleantech,,http://www.es-ventures.com/en/portfolio/,
ES Ventures,ESV II,Atraverda,09/2016,UK,,,,,http://www.es-ventures.com/en/portfolio/,
ES Ventures,ESV II,Chipidea,09/2016,,,Exited,IT,,http://www.es-ventures.com/en/portfolio/,
ES Ventures,ESV II,Coreworks,09/2016,,,,IT,,http://www.es-ventures.com/en/portfolio/,
ES Ventures,ESV II,Global Active,09/2016,,,,,,http://www.es-ventures.com/en/portfolio/,
ES Ventures,ESV II,Iosil,09/2016,EUA,,,,,http://www.es-ventures.com/en/portfolio/,
ES Ventures,ESV II,Maló Clinic,09/2016,,,,healthcare & well-being,,http://www.es-ventures.com/en/portfolio/,
ES Ventures,ESV II,Multiwave,09/2016,,,,,,http://www.es-ventures.com/en/portfolio/,
ES Ventures,ESV II,Nanosolar,09/2016,EUA,,,cleantech,,http://www.es-ventures.com/en/portfolio/,
ES Ventures,ESV II,Oceanlinx,09/2016,AUS,,,,,http://www.es-ventures.com/en/portfolio/,
ES Ventures,ESV II,Ophtalmopharma,09/2016,Suiça,,,,,http://www.es-ventures.com/en/portfolio/,
ES Ventures,ESV II,OutSystems,09/2016,,,,IT,,http://www.es-ventures.com/en/portfolio/,
ES Ventures,ESV II,Prepaid,09/2016,UK,,Exited,IT,,http://www.es-ventures.com/en/portfolio/,
ES Ventures,ESV II,Sousacamp,09/2016,,,,healthcare & well-being,,http://www.es-ventures.com/en/portfolio/,
ES Ventures,ESV II,Superbac,09/2016,BR,,,cleantech,,http://www.es-ventures.com/en/portfolio/,
ES Ventures,ESV II,TxVia,09/2016,EUA,"Acquired by Google, on April 2, 2012",Exited,IT,,http://www.es-ventures.com/en/portfolio/,
ES Ventures,ESV II,Ultracell,09/2016,EUA,,,cleantech,,http://www.es-ventures.com/en/portfolio/,
ES Ventures,ESV II,YDreams,09/2016,,,,IT,,http://www.es-ventures.com/en/portfolio/,
ES Ventures,ESV II,Ynvisible,09/2016,,,,IT,,http://www.es-ventures.com/en/portfolio/,
ES Ventures,ESV III,A123Systems,09/2016,EUA,,Exited,cleantech,,http://www.es-ventures.com/en/portfolio/,
ES Ventures,ESV III,Advanced Cyclone Systems,09/2016,,,,cleantech,,http://www.es-ventures.com/en/portfolio/,
ES Ventures,ESV III,Berd,09/2016,,,,cleantech,,http://www.es-ventures.com/en/portfolio/,
ES Ventures,ESV III,Current,09/2016,US,Acquired by Ormazabal,Exited,cleantech,,http://www.es-ventures.com/en/portfolio/,
ES Ventures,ESV III,Domatica,09/2016,,,,IT,,http://www.es-ventures.com/en/portfolio/,
ES Ventures,ESV III,Feedzai,09/2016,,,,IT,,http://www.es-ventures.com/en/portfolio/,
ES Ventures,ESV III,HeartGenetics,09/2016,,,,healthcare & well-being,,http://www.es-ventures.com/en/portfolio/,
ES Ventures,ESV III,JDCPhosphate,09/2016,US,,,healthcare & well-being,,http://www.es-ventures.com/en/portfolio/,
ES Ventures,ESV III,Magpower,09/2016,,,,cleantech,,http://www.es-ventures.com/en/portfolio/,
ES Ventures,ESV III,Maló Clinic,09/2016,,,,healthcare & well-being,,http://www.es-ventures.com/en/portfolio/,
ES Ventures,ESV III,Muzzley,09/2016,,,,IT,,http://www.es-ventures.com/en/portfolio/,
ES Ventures,ESV III,Nutrigreen,09/2016,,,,healthcare & well-being,,http://www.es-ventures.com/en/portfolio/,
ES Ventures,ESV III,Petra Systems,09/2016,US,,,cleantech,,http://www.es-ventures.com/en/portfolio/,
ES Ventures,ESV III,SafetyPay ,09/2016,ES,,,IT,,http://www.es-ventures.com/en/portfolio/,
ES Ventures,ESV III,Spectrum Bridge,09/2016,US,,,IT,,http://www.es-ventures.com/en/portfolio/,
ES Ventures,ESV III,Ubiquity,09/2016,US,,,IT,,http://www.es-ventures.com/en/portfolio/,
ES Ventures,ESV III,Watson Brown,09/2016,US,,,,,,
ES Ventures,ISTART - I,Ecofoot,09/2016,,,,healthcare & well-being,,http://www.es-ventures.com/en/portfolio/,
ES Ventures,ISTART - I,Equigerminal,09/2016,,,,healthcare & well-being,,http://www.es-ventures.com/en/portfolio/,
ES Ventures,ISTART - I,HeartGenetics,09/2016,,,,healthcare & well-being,,http://www.es-ventures.com/en/portfolio/,
ES Ventures,ISTART - I,LaserLeap,09/2016,,,,healthcare & well-being,,http://www.es-ventures.com/en/portfolio/,
ES Ventures,ISTART - I,Muzzley,09/2016,,,,IT,,http://www.es-ventures.com/en/portfolio/,
ES Ventures,ISTART - I,Codacy,09/2016,UK,Qamine Limited,,IT,,http://www.es-ventures.com/en/portfolio/,
ES Ventures,ISTART - I,Sakproject,09/2016,,,,healthcare & well-being,,http://www.es-ventures.com/en/portfolio/,
ES Ventures,ISTART - I,"FASTINOV, S.A.",11/2016,,,,healthcare & well-being,,http://www.es-ventures.com/en/portfolio/,
ES Ventures,ESV inovacao & internacionalização,Berd,09/2016,,,,cleantech,,http://www.es-ventures.com/en/portfolio/,
ES Ventures,ESV inovacao & internacionalização,Feedzai,09/2016,,,,IT,,http://www.es-ventures.com/en/portfolio/,
ES Ventures,ESV inovacao & internacionalização,HeartGenetics,09/2016,,,,healthcare & well-being,,http://www.es-ventures.com/en/portfolio/,
ES Ventures,ESV inovacao & internacionalização,Nutri Ventures,09/2016,,,,healthcare & well-being,,http://www.es-ventures.com/en/portfolio/,
ES Ventures,ESV inovacao & internacionalização,Sakproject,09/2016,,,,healthcare & well-being,,http://www.es-ventures.com/en/portfolio/,
ES Ventures,ESV inovacao & internacionalização,Stock Beats SA (Tradiio),09/2016,,,,,,http://www.es-ventures.com/en/portfolio/,
ES Ventures,ESV inovacao & internacionalização,Lusoeduc Informacao e Servicos S.A. (weduc),09/2016,,,,,,http://www.es-ventures.com/en/portfolio/,
Portugal Ventures,,Abyssal,09/2016,,,Seed,Tecnhology,,http://www.portugalventures.pt/pt-pt/content/portf%C3%B3lio,
Portugal Ventures,,"BParts (AMANHÃ GLOBAL,S.A.)",09/2016,,,Seed,Tecnhology,,http://www.portugalventures.pt/pt-pt/content/portf%C3%B3lio,
Portugal Ventures,,Bica Studios,09/2016,,,Seed,Tecnhology,,http://www.portugalventures.pt/pt-pt/content/portf%C3%B3lio,
Portugal Ventures,,"boomApp (Adfamilies Publicidade, Lda)",09/2016,,,Seed,Tecnhology,,http://www.portugalventures.pt/pt-pt/content/portf%C3%B3lio,
Portugal Ventures,,Bullet Solutions,09/2016,,,Seed,Tecnhology,,http://www.portugalventures.pt/pt-pt/content/portf%C3%B3lio,
Portugal Ventures,,Chic by Choice,09/2016,,,Seed,Tecnhology,,http://www.portugalventures.pt/pt-pt/content/portf%C3%B3lio,
Portugal Ventures,,"boomApp (Adfamilies Publicidade, Lda)",09/2016,,,Seed,Tecnhology,,http://www.portugalventures.pt/pt-pt/content/portf%C3%B3lio,
Portugal Ventures,,"eSolidar (WEBANKOR, S.A.)",09/2016,,,Seed,Tecnhology,,http://www.portugalventures.pt/pt-pt/content/portf%C3%B3lio,
Portugal Ventures,,Followprice,09/2016,,,Seed,Tecnhology,,http://www.portugalventures.pt/pt-pt/content/portf%C3%B3lio,
Portugal Ventures,,GetSocial,09/2016,,,Seed,Tecnhology,,http://www.portugalventures.pt/pt-pt/content/portf%C3%B3lio,
Portugal Ventures,,Gleam,09/2016,,,Seed,Tecnhology,,http://www.portugalventures.pt/pt-pt/content/portf%C3%B3lio,
Portugal Ventures,,"Landing.jobs (BRIGHTWIZARD, S.A)",09/2016,,,Seed,Tecnhology,,http://www.portugalventures.pt/pt-pt/content/portf%C3%B3lio,
Portugal Ventures,,Liquid Data Intelligence,09/2016,,,Seed,Tecnhology,,http://www.portugalventures.pt/pt-pt/content/portf%C3%B3lio,
Portugal Ventures,,MoodOptic,09/2016,,,Seed,Tecnhology,,http://www.portugalventures.pt/pt-pt/content/portf%C3%B3lio,
Portugal Ventures,,Muzzley,09/2016,,,Seed,Tecnhology,,http://www.portugalventures.pt/pt-pt/content/portf%C3%B3lio,
Portugal Ventures,,BABYBOOK (My Child),09/2016,,,Seed,Tecnhology,,http://www.portugalventures.pt/pt-pt/content/portf%C3%B3lio,
Portugal Ventures,,Passworks,09/2016,,,Seed,Tecnhology,,http://www.portugalventures.pt/pt-pt/content/portf%C3%B3lio,
Portugal Ventures,,PepFeed,09/2016,,,Seed,Tecnhology,,http://www.portugalventures.pt/pt-pt/content/portf%C3%B3lio,
Portugal Ventures,,SABE Online (Altura Publishing),09/2016,,,Seed,Tecnhology,,http://www.portugalventures.pt/pt-pt/content/portf%C3%B3lio,
Portugal Ventures,,ShiftForward,09/2016,,,Seed,Tecnhology,,http://www.portugalventures.pt/pt-pt/content/portf%C3%B3lio,
Portugal Ventures,,Streambolico,09/2016,,,Seed,Tecnhology,,http://www.portugalventures.pt/pt-pt/content/portf%C3%B3lio,
Portugal Ventures,,doDOC,09/2016,US,,Seed,Tecnhology,,http://www.portugalventures.pt/pt-pt/content/portf%C3%B3lio,
Portugal Ventures,,TUIZZI.com,09/2016,,,Seed,Tecnhology,,http://www.portugalventures.pt/pt-pt/content/portf%C3%B3lio,
Portugal Ventures,,Whizztek,09/2016,,,Seed,Tecnhology,,http://www.portugalventures.pt/pt-pt/content/portf%C3%B3lio,
Portugal Ventures,,Wizdee,09/2016,,,Seed,Tecnhology,,http://www.portugalventures.pt/pt-pt/content/portf%C3%B3lio,
Portugal Ventures,,Wizi,09/2016,,,Seed,Tecnhology,,http://www.portugalventures.pt/pt-pt/content/portf%C3%B3lio,
Portugal Ventures,,Xhockware,09/2016,,,Seed,Tecnhology,,http://www.portugalventures.pt/pt-pt/content/portf%C3%B3lio,
Portugal Ventures,,Zaask (Youngstories SA),09/2016,,,Seed,Tecnhology,,http://www.portugalventures.pt/pt-pt/content/portf%C3%B3lio,
Portugal Ventures,,Zarph,09/2016,,,Seed,Tecnhology,,http://www.portugalventures.pt/pt-pt/content/portf%C3%B3lio,
Portugal Ventures,,Aptoide,09/2016,,,Early,Tecnhology,,http://www.portugalventures.pt/pt-pt/content/portf%C3%B3lio,
Portugal Ventures,,BitSight Technologies,09/2016,US,,Early,Tecnhology,,http://www.portugalventures.pt/pt-pt/content/portf%C3%B3lio,
Portugal Ventures,,CSide,09/2016,,,Early,Tecnhology,,http://www.portugalventures.pt/pt-pt/content/portf%C3%B3lio,
Portugal Ventures,,Critical Links,09/2016,,,Early,Tecnhology,,http://www.portugalventures.pt/pt-pt/content/portf%C3%B3lio,
Portugal Ventures,,JScrambler,09/2016,,,Early,Tecnhology,,http://www.portugalventures.pt/pt-pt/content/portf%C3%B3lio,
Portugal Ventures,,Nutri Ventures,09/2016,,,Early,Tecnhology,,http://www.portugalventures.pt/pt-pt/content/portf%C3%B3lio,
Portugal Ventures,,Processware,09/2016,,,Early,Tecnhology,,http://www.portugalventures.pt/pt-pt/content/portf%C3%B3lio,
Portugal Ventures,,Zuvinova,09/2016,,,Early,Tecnhology,,http://www.portugalventures.pt/pt-pt/content/portf%C3%B3lio,
Portugal Ventures,,DISPLAX,09/2016,,,Growth,Tecnhology,,http://www.portugalventures.pt/pt-pt/content/portf%C3%B3lio,
Portugal Ventures,,OutSystems,09/2016,,,Growth,Tecnhology,,http://www.portugalventures.pt/pt-pt/content/portf%C3%B3lio,
Portugal Ventures,,"SCIENCE4YOU, S.A.",09/2016,,,Growth,Tecnhology,,http://www.portugalventures.pt/pt-pt/content/portf%C3%B3lio,
Portugal Ventures,,AnubisNetworks,09/2016,,,Exited,Tecnhology,,http://www.portugalventures.pt/pt-pt/content/portf%C3%B3lio,
Portugal Ventures,,fibersensing,09/2016,,,Exited,Tecnhology,,http://www.portugalventures.pt/pt-pt/content/portf%C3%B3lio,
Portugal Ventures,,Girissima.com,09/2016,,,Exited,Tecnhology,,http://www.portugalventures.pt/pt-pt/content/portf%C3%B3lio,
Portugal Ventures,,Coimbra Genomics,09/2016,,,Seed,Life Sciences & Med Tech,,http://www.portugalventures.pt/pt-pt/content/portf%C3%B3lio,
Portugal Ventures,,iM3DICAL,09/2016,,,Seed,Life Sciences & Med Tech,,http://www.portugalventures.pt/pt-pt/content/portf%C3%B3lio,
Portugal Ventures,,Immunethep,09/2016,,,Seed,Life Sciences & Med Tech,,http://www.portugalventures.pt/pt-pt/content/portf%C3%B3lio,
Portugal Ventures,,Luzitin,09/2016,,,Seed,Life Sciences & Med Tech,,http://www.portugalventures.pt/pt-pt/content/portf%C3%B3lio,
Portugal Ventures,,Lymphact,09/2016,,,Seed,Life Sciences & Med Tech,,http://www.portugalventures.pt/pt-pt/content/portf%C3%B3lio,
Portugal Ventures,,Magnomics,09/2016,,,Seed,Life Sciences & Med Tech,,http://www.portugalventures.pt/pt-pt/content/portf%C3%B3lio,
Portugal Ventures,,Mediaomics,09/2016,,,Seed,Life Sciences & Med Tech,,http://www.portugalventures.pt/pt-pt/content/portf%C3%B3lio,
Portugal Ventures,,TREAT U,09/2016,,,Seed,Life Sciences & Med Tech,,http://www.portugalventures.pt/pt-pt/content/portf%C3%B3lio,
Portugal Ventures,,Biotrend,09/2016,,,Early,Life Sciences & Med Tech,,http://www.portugalventures.pt/pt-pt/content/portf%C3%B3lio,
Portugal Ventures,,"Gene Predit, S.A.",09/2016,,,Early,Life Sciences & Med Tech,,http://www.portugalventures.pt/pt-pt/content/portf%C3%B3lio,
Portugal Ventures,,Kinematix,09/2016,,,Early,Life Sciences & Med Tech,,http://www.portugalventures.pt/pt-pt/content/portf%C3%B3lio,
Portugal Ventures,,Perceive3D,09/2016,,,Early,Life Sciences & Med Tech,,http://www.portugalventures.pt/pt-pt/content/portf%C3%B3lio,
Portugal Ventures,,PETsys Electronics,09/2016,,,Early,Life Sciences & Med Tech,,http://www.portugalventures.pt/pt-pt/content/portf%C3%B3lio,
Portugal Ventures,,Pharma73,09/2016,,,Early,Life Sciences & Med Tech,,http://www.portugalventures.pt/pt-pt/content/portf%C3%B3lio,
Portugal Ventures,,Thelial,09/2016,,,Early,Life Sciences & Med Tech,,http://www.portugalventures.pt/pt-pt/content/portf%C3%B3lio,
Portugal Ventures,,Alfama,09/2016,,,Growth,Life Sciences & Med Tech,,http://www.portugalventures.pt/pt-pt/content/portf%C3%B3lio,
Portugal Ventures,,Biosurfit,09/2016,,,Growth,Life Sciences & Med Tech,,http://www.portugalventures.pt/pt-pt/content/portf%C3%B3lio,
Portugal Ventures,,genibet,09/2016,,,Growth,Life Sciences & Med Tech,,http://www.portugalventures.pt/pt-pt/content/portf%C3%B3lio,
Portugal Ventures,,CHROMOPERFORMANCE / BIOMODE (BIOMODE 2),09/2016,,,Exited,Life Sciences & Med Tech,,http://www.portugalventures.pt/pt-pt/content/portf%C3%B3lio,
Portugal Ventures,,B-Guest (BGUESTNOW),09/2016,,,Seed,Travel & Leisure Tech,,http://www.portugalventures.pt/pt-pt/content/portf%C3%B3lio,
Portugal Ventures,,Indie Campers,09/2016,,,Seed,Travel & Leisure Tech,,http://www.portugalventures.pt/pt-pt/content/portf%C3%B3lio,
Portugal Ventures,,INVINE,09/2016,US,,Seed,Travel & Leisure Tech,,http://www.portugalventures.pt/pt-pt/content/portf%C3%B3lio,
Portugal Ventures,,"Jitt travel (era iClio, SA)",09/2016,,,Seed,Travel & Leisure Tech,,http://www.portugalventures.pt/pt-pt/content/portf%C3%B3lio,
Portugal Ventures,,"Medical Port (FAIRWAY, MEDICAL TOURISM PORTUGAL, S.A.)",09/2016,,,Seed,Travel & Leisure Tech,,http://www.portugalventures.pt/pt-pt/content/portf%C3%B3lio,
Portugal Ventures,,MyGon,09/2016,,,Seed,Travel & Leisure Tech,,http://www.portugalventures.pt/pt-pt/content/portf%C3%B3lio,
Portugal Ventures,,Skaphandrus,09/2016,,,Seed,Travel & Leisure Tech,,http://www.portugalventures.pt/pt-pt/content/portf%C3%B3lio,
Portugal Ventures,,Story Trail (Exciting Space Lda.),09/2016,,,Seed,Travel & Leisure Tech,,http://www.portugalventures.pt/pt-pt/content/portf%C3%B3lio,
Portugal Ventures,,XTourmaker (Wedeliverawesomeapps SA),09/2016,,,Seed,Travel & Leisure Tech,,http://www.portugalventures.pt/pt-pt/content/portf%C3%B3lio,
Portugal Ventures,,"YoubeQ (MAPS WITH LIFE, S.A. (EM LIQUIDAÇÃO))",09/2016,,,Seed,Travel & Leisure Tech,,http://www.portugalventures.pt/pt-pt/content/portf%C3%B3lio,
Portugal Ventures,,"Guestcentric Systems, S.A",09/2016,,,Growth,Travel & Leisure Tech,,http://www.portugalventures.pt/pt-pt/content/portf%C3%B3lio,
Portugal Ventures,,Asinus Atlanticus,09/2016,,,Seed,Engineering & Manufacturing,,http://www.portugalventures.pt/pt-pt/content/portf%C3%B3lio,
Portugal Ventures,,BeyonDevices,09/2016,,,Seed,Engineering & Manufacturing,,http://www.portugalventures.pt/pt-pt/content/portf%C3%B3lio,
Portugal Ventures,,followinspiration,09/2016,,,Seed,Engineering & Manufacturing,,http://www.portugalventures.pt/pt-pt/content/portf%C3%B3lio,
Portugal Ventures,,Berd,09/2016,,,Growth,Engineering & Manufacturing,,http://www.portugalventures.pt/pt-pt/content/portf%C3%B3lio,
Portugal Ventures,,eneida,09/2016,,,Growth,Engineering & Manufacturing,,http://www.portugalventures.pt/pt-pt/content/portf%C3%B3lio,
Change Partners,Fast Change,Stopline,09/2016,,45%,,,Abril 2004,http://www.changepartners.pt/portfolio.html,
Change Partners,Fast Change,Fluidinova,09/2016,,85.70%,,,Outubro 2005,http://www.changepartners.pt/portfolio.html,
Change Partners,Fast Change,Hottrade,09/2016,,25%,,,Junho 2006,http://www.changepartners.pt/portfolio.html,
Change Partners,Fast Change,"Guestcentric Systems, S.A",09/2016,,5.80%,,,Abril 2007,http://www.changepartners.pt/portfolio.html,
Change Partners,Fast Change,CEV,09/2016,,15%,,,Agosto 2007,http://www.changepartners.pt/portfolio.html,
Change Partners,Fast Change,Critical Links,09/2016,,8.40%,,,Agosto 2007,http://www.changepartners.pt/portfolio.html,
Change Partners,Fast Change,CONVERDE,09/2016,,6.20%,,,Agosto 2012,http://www.changepartners.pt/portfolio.html,
Change Partners,Fast Change II,EIDT,09/2016,,30%,,,Março 2012,http://www.changepartners.pt/portfolio.html,
Change Partners,"Fast Change II, Fast Change",CONVERDE,09/2016,,6.20%,,,Agosto 2012,http://www.changepartners.pt/portfolio.html,
Change Partners,Fast Change II,Cell2B,09/2016,,13.30%,,,Agosto 2012,http://www.changepartners.pt/portfolio.html,
Change Partners,Fast Change II,5ENSESINFOOD,09/2016,,43%,,,Junho de 2013,http://www.changepartners.pt/portfolio.html,
Change Partners,Fast Change II,STREAMBOLICO,09/2016,,6.45%,,,Setembro 2013,http://www.changepartners.pt/portfolio.html,
Change Partners,Fast Change II,CHROMOPERFORMANCE / BIOMODE (BIOMODE 2),09/2016,,46%,,,Setembro 2014,http://www.changepartners.pt/portfolio.html,
Change Partners,Fast Change II,A Exogenus Therapeutics,09/2016,,7.50%,,,Dezembro 2015,http://www.changepartners.pt/portfolio.html,
Change Partners,Fast Change II,Sword Health,09/2016,,5%,,,Novembro 2015,http://www.changepartners.pt/portfolio.html,
Change Partners,Fast Change,Hottrade,09/2016,,25%,,,Junho 2006,http://www.changepartners.pt/portfolio.html,
Pathena,,Cardmobili,09/2016,,,,,,http://www.pathena.com/active-investments.php,
Pathena,,Exago,09/2016,,,,,,http://www.pathena.com/active-investments.php,
Pathena,,iMobileMagic,09/2016,,,,,,http://www.pathena.com/active-investments.php,
Pathena,,iM3DICAL,09/2016,,,,,,http://www.pathena.com/active-investments.php,
Pathena,,NMUSIC,09/2016,,,,,,http://www.pathena.com/active-investments.php,
Pathena,,Stemmatters,09/2016,,,,,,http://www.pathena.com/active-investments.php,
Pathena,,Vortal,09/2016,,,,,,http://www.pathena.com/active-investments.php,
Pathena,,MedChronic,09/2016,,,,,,http://www.pathena.com/active-investments.php,
Pathena,,i2S,09/2016,,,,,,http://www.pathena.com/active-investments.php,
Pathena,,Brisa Innovation,09/2016,,,,,,http://www.pathena.com/active-investments.php,
Pathena,Pathena Fund,enable,09/2016,,wipro,exits,,,http://www.pathena.com/active-investments.php,
Pathena,Pathena Fund,mobicom,09/2016,,microsoft,exits,,,http://www.pathena.com/active-investments.php,
Pathena,Pathena Fund,xarevision,09/2016,,mbo,exits,,,http://www.pathena.com/active-investments.php,
Beta Capital,Beta Ciências da Vida,Biosurfit,09/2016,,,,,,http://www.betacapital.pt/?sec=parti,
Beta Capital,Beta Ciências da Vida,"Crivo - Investigação Aplicada, S.A.",09/2016,,,,,,http://www.betacapital.pt/?sec=parti,
Beta Capital,Beta Ciências da Vida,"Gene Predit, S.A.",09/2016,,,,,,http://www.betacapital.pt/?sec=parti,
Beta Capital,Beta Ciências da Vida,HeartGenetics,09/2016,,,,,,http://www.betacapital.pt/?sec=parti,
Beta Capital,Beta Ciências da Vida,Magnomics,09/2016,,,,,,http://www.betacapital.pt/?sec=parti,
Beta Capital,Beta Ciências da Vida,"Matera, Lda",09/2016,,,,,,http://www.betacapital.pt/?sec=parti,
Beta Capital,Beta Ciências da Vida,"Nonius Software, S.A.",09/2016,,,,,,http://www.betacapital.pt/?sec=parti,
Beta Capital,Beta Ciências da Vida,Stemmatters,09/2016,,,,,,http://www.betacapital.pt/?sec=parti,
2BPARTNER,,watt-is,09/2016,,http://www.watt-is.com/,,,,http://www.2bpartner.com/portfolio-pt-pt/,
2BPARTNER,,doDOC,09/2016,US,https://topdox.com/,,,,http://www.2bpartner.com/portfolio-pt-pt/,
2BPARTNER,,wiseconnect,09/2016,,http://www.wiseconnect.pt/,,,,http://www.2bpartner.com/portfolio-pt-pt/,
2BPARTNER,,mobiqueueapp,09/2016,,http://mobiqueueapp.com/,,,,http://www.2bpartner.com/portfolio-pt-pt/,
2BPARTNER,,CHROMOPERFORMANCE / BIOMODE (BIOMODE 2),09/2016,,,,,,http://www.2bpartner.com/portfolio-pt-pt/,
2BPARTNER,,addvolt,09/2016,,http://addvolt.com/en/,,,,http://www.2bpartner.com/portfolio-pt-pt/,
2BPARTNER,,egglicious (Fórmula da Avó - Lda.),09/2016,,http://www.egglicious.pt/,,,,http://www.2bpartner.com/portfolio-pt-pt/,
2BPARTNER,,arpublisher,09/2016,,http://www.arpublisher.com/,,,,http://www.2bpartner.com/portfolio-pt-pt/,
2BPARTNER,,sphere-photonics,09/2016,,http://www.sphere-photonics.com/,,,,http://www.2bpartner.com/portfolio-pt-pt/,
Novabase Capital,,collab,09/2016,,https://www.collab.com/en/,,,,http://www.novabasecapital.pt/pt/portfolio,
Novabase Capital,,radical innovation,09/2016,,http://www.radicalinnovation.pt/,,,,http://www.novabasecapital.pt/pt/portfolio,
Novabase Capital,,bright innovation,09/2016,,http://www.brightinnovation.pt/,,,,http://www.novabasecapital.pt/pt/portfolio,
Novabase Capital,,power data,09/2016,,http://www.powerdata.pt/,,,,http://www.novabasecapital.pt/pt/portfolio,
Novabase Capital,,power grid,09/2016,,http://www.powergrid.pt/,,,,http://www.novabasecapital.pt/pt/portfolio,
Novabase Capital,,Feedzai,09/2016,,http://www.feedzai.com/,,,,http://www.novabasecapital.pt/pt/portfolio,
Novabase Capital,,smartgeo,09/2016,,http://www.smartgeo.pt/,,,,http://www.novabasecapital.pt/pt/portfolio,
Novabase Capital,,wizdee,09/2016,,http://wizdee.com/home/,,,,http://www.novabasecapital.pt/pt/portfolio,
Novabase Capital,,city pulse,09/2016,,http://www.citypulse.pt/,,,,http://www.novabasecapital.pt/pt/portfolio,
Novabase Capital,,finzzy (liviantechnologies),09/2016,,http://finzzy.liviantechnologies.com/,,,,http://www.novabasecapital.pt/pt/portfolio,
"ISQ - Sociedade de Capital de Risco, SA",Fundo ASK Celta,PETAPILOT,09/2016,,,,,"Junho, 2015",http://www.ask.pt/pt/ventura-capital-private-equity/portfolio,
"ISQ - Sociedade de Capital de Risco, SA",Fundo ASK Celta,GUM CHEMICAL SOLUTIONS,09/2016,,,,,"Janeiro, 2015",http://www.ask.pt/pt/ventura-capital-private-equity/portfolio,
"ISQ - Sociedade de Capital de Risco, SA",Fundo ASK Capital,TURFLYNX,09/2016,,,,,"Dezembro, 2014",http://www.ask.pt/pt/ventura-capital-private-equity/portfolio,
"ISQ - Sociedade de Capital de Risco, SA",Fundo ASK Capital,"Ect - Business Oportunity, Compra e Venda de Viaturas, Lda",09/2016,,,,,"Dezembro, 2014",http://www.ask.pt/pt/ventura-capital-private-equity/portfolio,
"ISQ - Sociedade de Capital de Risco, SA",Fundo ASK Capital,BABYBOOK (My Child),09/2016,,,,,"Julho, 2014",http://www.ask.pt/pt/ventura-capital-private-equity/portfolio,
"ISQ - Sociedade de Capital de Risco, SA",Fundo ASK Capital,Greenfiber Tech,09/2016,,,,,"Março, 2013",http://www.ask.pt/pt/ventura-capital-private-equity/portfolio,
"ISQ - Sociedade de Capital de Risco, SA",Fundo ASK Celta,"Torbel, S.A",09/2016,,TORRES E BELO,,,"Janeiro, 2014",http://www.ask.pt/pt/ventura-capital-private-equity/portfolio,
"ISQ - Sociedade de Capital de Risco, SA",Fundo ASK Celta,ATP,09/2016,,,,,"Junho, 2011",http://www.ask.pt/pt/ventura-capital-private-equity/portfolio,
"ISQ - Sociedade de Capital de Risco, SA",Fundo ASK Celta,ALTAKITIN,09/2016,,,,,"Setembro, 2011",http://www.ask.pt/pt/ventura-capital-private-equity/portfolio,
"ISQ - Sociedade de Capital de Risco, SA",Fundo ISQ Capital,SPHERAA,09/2016,,,,,"Dezembro, 2007",http://www.ask.pt/pt/ventura-capital-private-equity/portfolio,
"ISQ - Sociedade de Capital de Risco, SA",Fundo ISQ Capital,Critical Links,09/2016,,,,,"Agosto, 2007",http://www.ask.pt/pt/ventura-capital-private-equity/portfolio,
"ISQ - Sociedade de Capital de Risco, SA",Fundo ISQ Capital,"Guestcentric Systems, S.A",09/2016,,,,,"Maio, 2007",http://www.ask.pt/pt/ventura-capital-private-equity/portfolio,
"ISQ - Sociedade de Capital de Risco, SA",Fundo ISQ Capital,WIZI,09/2016,,,,,"Outubro, 2006",http://www.ask.pt/pt/ventura-capital-private-equity/portfolio,
"ISQ - Sociedade de Capital de Risco, SA",Fundo ISQ Capital,"Ibermaros - Equipamentos Industriais, S.A",09/2016,,,,,"Agosto, 2005",http://www.ask.pt/pt/ventura-capital-private-equity/portfolio,
"ISQ - Sociedade de Capital de Risco, SA",Fundo ISQ Capital,ALTAKITIN,09/2016,,,,,"Dezembro, 2010",http://www.ask.pt/pt/ventura-capital-private-equity/portfolio,
"Critical Ventures, SCR, SA",,COIMBRA GENOMICS,09/2016,,,,,,http://www.critical-ventures.com/en/portfolio#,
"Critical Ventures, SCR, SA",,Critical Links,09/2016,,,,,,http://www.critical-ventures.com/en/portfolio#,
"Critical Ventures, SCR, SA",,CRITICAL MANUFACTURING,09/2016,,,,,,http://www.critical-ventures.com/en/portfolio#,
"Critical Ventures, SCR, SA",,CRITICAL MATERIALS,09/2016,,,,,,http://www.critical-ventures.com/en/portfolio#,
"Critical Ventures, SCR, SA",,ONCARING (Bluecaring),09/2016,,,,,,http://www.critical-ventures.com/en/portfolio#,
"Critical Ventures, SCR, SA",,RETMARKER,09/2016,,,,,,http://www.critical-ventures.com/en/portfolio#,
"Critical Ventures, SCR, SA",,WATCHFUL SOFTWARE,09/2016,US,"Watchful Software, Inc.",,,,http://www.critical-ventures.com/en/portfolio#,
Capital Criativo,FCR Capital Criativo I,balflex,09/2016,,,,Componentes Industriais,2014,http://www.capitalcriativo.com/pt/pagina/10/carteira/,
Capital Criativo,FCR Capital Criativo I,cardmobili,09/2016,,,,TIC,2013,http://www.capitalcriativo.com/pt/pagina/10/carteira/,
Capital Criativo,FCR Capital Criativo I,cortex intelligence,09/2016,,,,TIC,2012,http://www.capitalcriativo.com/pt/pagina/10/carteira/,
Capital Criativo,FCR Capital Criativo I,ISA,09/2016,,,,TIC,2011,http://www.capitalcriativo.com/pt/pagina/10/carteira/,
Capital Criativo,FCR Capital Criativo I,"LIVE CONTENT, S.A",09/2016,,,desenvestimento,Marketing Digital,2011,http://www.capitalcriativo.com/pt/pagina/10/carteira/,
Capital Criativo,FCR Capital Criativo I,eventsbytlc,09/2016,,,, Eventos e Turismo,2012,http://www.capitalcriativo.com/pt/pagina/10/carteira/,
Capital Criativo,FCR Capital Criativo I,"USC Internacional, S.A.",09/2016,,,,Logística,2011,http://www.capitalcriativo.com/pt/pagina/10/carteira/,
Capital Criativo,FCR Capital Criativo I,EAD,09/2016,,,,Gestão de Arquivos e Documentação,2014,http://www.capitalcriativo.com/pt/pagina/10/carteira/,
Caixa Capital,,"Nonius Software, SA",09/2016,,,Start-up,,,http://caixacapital.pt/en/investments/venture-capital/,Versão anterior do site (07/15)
Caixa Capital,,Movvo,09/2016,,AROUND KNOWLEDGE,Start-up,,,http://caixacapital.pt/en/investments/venture-capital/,Versão anterior do site (07/15)
Caixa Capital,,Unbabel,09/2016,US,,Start-up,,,http://caixacapital.pt/en/investments/venture-capital/,Versão anterior do site (07/15)
Caixa Capital,,Orankl,09/2016,US/Boston,US/Boston,Start-up,,,http://caixacapital.pt/en/investments/venture-capital/,Versão anterior do site (07/15)
Caixa Capital,,Uniplaces,09/2016,UK,27% (via Shilling),Start-up,,,http://caixacapital.pt/en/investments/venture-capital/,Versão anterior do site (07/15)
Caixa Capital,,Passworks,09/2016,,,Start-up,,,http://caixacapital.pt/en/investments/venture-capital/,Versão anterior do site (07/15)
Caixa Capital,,Codacy,09/2016,UK,"10% (via Faber), 24% (via FCR I-Start)",Start-up,,,http://caixacapital.pt/en/investments/venture-capital/,Versão anterior do site (07/15)
Caixa Capital,,Zaask (Youngstories SA),09/2016,,13% (via Shilling),Start-up,,,http://caixacapital.pt/en/investments/venture-capital/,Versão anterior do site (07/15)
Caixa Capital,,Biosurfit,09/2016,,,Start-up,,,http://caixacapital.pt/en/investments/venture-capital/,Versão anterior do site (07/15)
Caixa Capital,,"Plux - Wireless Biosignals, SA",09/2016,,,Start-up,,,http://caixacapital.pt/en/investments/venture-capital/,Versão anterior do site (07/15)
Caixa Capital,,Magnifinance,09/2016,,LxIS - Lisbon Information Systems,Start-up,,,http://caixacapital.pt/en/investments/venture-capital/,Versão anterior do site (07/15)
Caixa Capital,,Biomimetx,09/2016,,,Start-up,,,http://caixacapital.pt/en/investments/venture-capital/,Versão anterior do site (07/15)
Caixa Capital,,Veniam,09/2016,,"0,5% (BGI)",Start-up,,,http://caixacapital.pt/en/investments/venture-capital/,Versão anterior do site (07/15)
Caixa Capital,,D’Orbit,09/2016,IT,5% (via BGI),Start-up,,,http://caixacapital.pt/en/investments/venture-capital/,Versão anterior do site (07/15)
Caixa Capital,,Metablue,09/2016,,"42,5% (via Smart Ventures)",Start-up,,,http://caixacapital.pt/en/investments/venture-capital/,Versão anterior do site (07/15)
Caixa Capital,,TTR,09/2016,,,Dissolução e encerramento da liquidação,,,http://caixacapital.pt/en/investments/venture-capital/,Versão anterior do site (07/15)
Caixa Capital,FCR Empreender Mais,360 Capital Partners,09/2016,FR,,Fundo,,,http://caixacapital.pt/en/investments/venture-capital/,Versão anterior do site (07/15)
Caixa Capital,FCR Empreender Mais,Seedcamp,09/2016,UK,,Fundo,,,http://caixacapital.pt/en/investments/venture-capital/,Versão anterior do site (07/15)
Caixa Capital,FCR Empreender Mais,Shilling Capital Partners,09/2016,,,Veículo de investimento,,,http://caixacapital.pt/en/investments/venture-capital/,Versão anterior do site (07/15)
Shilling capital Partners,,Uniplaces,09/2016,UK,,,,,http://www.shillingcapital.com/en/success-stories/portfolio/,
Shilling capital Partners,,cell2b,09/2016,,,,,,http://www.shillingcapital.com/en/success-stories/portfolio/,
Shilling capital Partners,,Zaask (Youngstories SA),09/2016,,,,,,http://www.shillingcapital.com/en/success-stories/portfolio/,
Shilling capital Partners,,besttables,09/2016,,,exited,,,http://www.shillingcapital.com/en/success-stories/portfolio/,
Shilling capital Partners,,faber ventures,09/2016,,,,,,http://www.shillingcapital.com/en/success-stories/portfolio/,
Shilling capital Partners,,Unbabel,09/2016,US,,,,,http://www.shillingcapital.com/en/success-stories/portfolio/,
Shilling capital Partners,,Zeyton Nutraceuticals,09/2016,,,,,,http://www.shillingcapital.com/en/success-stories/portfolio/,
Shilling capital Partners,,Mainframe,09/2016,,,,,,http://www.shillingcapital.com/en/success-stories/portfolio/,
Shilling capital Partners,,360 Imprimir,09/2016,,,,,,http://www.shillingcapital.com/en/success-stories/portfolio/,
Shilling capital Partners,,Weeel,09/2016,,,,,,http://www.shillingcapital.com/en/success-stories/portfolio/,
Shilling capital Partners,,Elecctro,09/2016,,,,,,http://www.shillingcapital.com/en/success-stories/portfolio/,
Shilling capital Partners,,La Wash,09/2016,,,,,,http://www.shillingcapital.com/en/success-stories/portfolio/,
Portugal Ventures,,Code Place (Songvice B.V.),09/2016,NL,,,,,http://www.bloomberg.com/Research/stocks/private/snapshot.asp?privcapid=314921118,Comunicado em 2016
Portugal Ventures,,DefinedCrowd,09/2016,,2016,,,,http://www.portugalventures.pt/pt-pt/content/portf%C3%B3lio,Comunicado em 2016
Portugal Ventures,,"Cubo Environmental Technologies, S.A",09/2016,,,,,,http://www.portugalventures.pt/pt-pt/content/portf%C3%B3lio,
Portugal Ventures,,"Friday: Ciência e Engenharia do Lazer, S.A (Go Friday)",09/2016,,,,,,http://www.portugalventures.pt/pt-pt/content/portf%C3%B3lio,
Portugal Ventures,,"Graphenest, S.A",09/2016,,2016,,,,http://www.portugalventures.pt/pt-pt/content/portf%C3%B3lio,Comunicado em 2016
Portugal Ventures,,Bloomers (Josefinas),09/2016,,2016,,,,http://www.poci-compete2020.pt/noticias/detalhe/Portugal-produz-sabrinas-mais-caras-do-mundo,Comunicado em 2016
Portugal Ventures,,"Mice - Molds And Injected Components Engineering, S.A",09/2016,,,,,,http://www.portugalventures.pt/pt-pt/content/portf%C3%B3lio,
Portugal Ventures,,"Black & Yellow, S.A (Nata Pura)",09/2016,,2016,,,,http://www.portugalventures.pt/pt-pt/content/portf%C3%B3lio,Comunicado em 2016
Portugal Ventures,,"Omniflow, S.A",09/2016,,,,,,FINOVA,
Portugal Ventures,,"Principle Power Portugal, Unipessoal Lda (principle power Inc)",09/2016,US,12%,,,,http://www.principlepowerinc.com/en/about,
Portugal Ventures,,"Possible Answer , S.A (polyanswer) ",09/2016,,,,,,http://www.portugalventures.pt/pt-pt/content/portf%C3%B3lio,
Portugal Ventures,,"Doinn, S.A",09/2016,,2016,,,,http://www.portugalventures.pt/pt-pt/content/portf%C3%B3lio,Comunicado em 2016
Portugal Ventures,,Wedeliverawesomeapps (mudou p guestU),09/2016,,,,,,http://www.portugalventures.pt/pt-pt/content/portf%C3%B3lio,
Portugal Ventures,,"Storymatik Software, S.A (Storyo)",09/2016,,2016,,,,http://www.portugalventures.pt/pt-pt/content/portf%C3%B3lio,Comunicado em 2016
Caixa,,"Attentive, Lda",09/2016,,2016,,,,http://caixacapital.pt/en/investments/venture-capital/,"Versão em 09/16, com adições relativamente à anterior publicação"
Caixa,,"Prodsmart, Informática, Lda",09/2016,,sem dados ,,,,http://caixacapital.pt/en/investments/venture-capital/,"Versão em 09/16, com adições relativamente à anterior publicação"
Caixa,,doDOC,09/2016,US,,,,,http://caixacapital.pt/en/investments/venture-capital/,"Versão em 09/16, com adições relativamente à anterior publicação"
Caixa,,Farfetch Portugal - Unipessoal Lda,09/2016,UK,,,,,http://caixacapital.pt/en/investments/venture-capital/,"Versão em 09/16, com adições relativamente à anterior publicação"
Caixa,,Stat Track Technologies Lda (Hole19),09/2016,,SEM DADOS,,,,http://caixacapital.pt/en/investments/venture-capital/,"Versão em 09/16, com adições relativamente à anterior publicação"
Caixa,,"JUNGLESTARS, LDA (SeatWish)",09/2016,,SEM DADOS,,,,http://caixacapital.pt/en/investments/venture-capital/,"Versão em 09/16, com adições relativamente à anterior publicação"
Caixa,,Biotecnol - Serviços e Desenvolvimento S.A,09/2016,,,,,,http://caixacapital.pt/en/investments/venture-capital/,"Versão em 09/16, com adições relativamente à anterior publicação"
Caixa,,Exogenus Therapeutics,09/2016,,,,,,http://caixacapital.pt/en/investments/venture-capital/,"Versão em 09/16, com adições relativamente à anterior publicação"
Caixa,,Nu-Rise Lda,09/2016,,2016,,,,http://caixacapital.pt/en/investments/venture-capital/,"Versão em 09/16, com adições relativamente à anterior publicação"
Caixa,,PermeAbility,09/2016,,cohitec,,,,http://caixacapital.pt/en/investments/venture-capital/,"Versão em 09/16, com adições relativamente à anterior publicação"
Caixa,,Charge2Change,09/2016,,cohitec,,,,http://caixacapital.pt/en/investments/venture-capital/,"Versão em 09/16, com adições relativamente à anterior publicação"
Caixa,,"Smartwatt - Energy Services, S.A",09/2016,,desinvested,,,,http://caixacapital.pt/en/investments/venture-capital/,"Versão em 09/16, com adições relativamente à anterior publicação"
Caixa,,Watgrid,09/2016,,2016,,,,http://caixacapital.pt/en/investments/venture-capital/,"Versão em 09/16, com adições relativamente à anterior publicação"
Vallis Capital Partners,Vallis Sustainable Investments I,"DOCTORGUMMY, LDA",09/2016,,,,,,https://www.vallis.pt/portfolio.do#sustainable,
BCP Capital,,"SCIENCE4YOU, S.A.",09/2016,,,,,,http://www.rtp.pt/noticias/economia/science4you-reforca-estrutura-acionista-com-aumento-de-capital-de-7me_n859063,
"BUSY ANGELS, SCR, S.A",,"FASTINOV, S.A.",09/2016,,,,,,http://busyangels.co/?page_id=144,
"BUSY ANGELS, SCR, S.A",,"eSolidar (WEBANKOR, S.A.)",09/2016,,,,,,http://busyangels.co/?page_id=144,
"BUSY ANGELS, SCR, S.A",,"FABER VENTURES, S.A.",09/2016,,,,,,http://busyangels.co/?page_id=144,
"BUSY ANGELS, SCR, S.A",,"Jitt travel (era iClio, SA)",09/2016,,,,,,http://busyangels.co/?page_id=144,
"BUSY ANGELS, SCR, S.A",,LaserLeap,09/2016,,,,,,http://busyangels.co/?page_id=144,
"BUSY ANGELS, SCR, S.A",,Lymphact,09/2016,,,,,,http://busyangels.co/?page_id=144,
"BUSY ANGELS, SCR, S.A",,Magnomics,09/2016,,,,,,http://busyangels.co/?page_id=144,
"BUSY ANGELS, SCR, S.A",,"Medical Port (FAIRWAY, MEDICAL TOURISM PORTUGAL, S.A.)",09/2016,,,,,,http://busyangels.co/?page_id=144,
"BUSY ANGELS, SCR, S.A",,Sakproject,09/2016,,,,,,http://busyangels.co/?page_id=144,
"BUSY ANGELS, SCR, S.A",,"LUSOEDUC - INFORMAÇÃO E SERVIÇOS, S.A.",09/2016,,,,,,http://busyangels.co/?page_id=144,
"BUSY ANGELS, SCR, S.A",,Xhockware,09/2016,,,,,,http://busyangels.co/?page_id=144,
"BUSY ANGELS, SCR, S.A",,Zaask (Youngstories SA),09/2016,,,,,,http://busyangels.co/?page_id=144,
"BUSY ANGELS, SCR, S.A",,TTR,09/2016,,,,,,http://busyangels.co/?page_id=144,
"FABER VENTURES, S.A.",,Chic by Choice,09/2016,,,,,,http://www.faber-ventures.com/#portfolio,
"FABER VENTURES, S.A.",,Codacy,09/2016,UK,"QAMINE PORTUGAL, S.A",,,,http://www.faber-ventures.com/#portfolio,
"FABER VENTURES, S.A.",,GetSocial,09/2016,,,,,,http://www.faber-ventures.com/#portfolio,
"FABER VENTURES, S.A.",,Gleam,09/2016,,,,,,http://www.faber-ventures.com/#portfolio,
"FABER VENTURES, S.A.",,Passworks,09/2016,,,,,,http://www.faber-ventures.com/#portfolio,
"FABER VENTURES, S.A.",,SABE Online (Altura Publishing),09/2016,,,,,,http://www.faber-ventures.com/#portfolio,
"FABER VENTURES, S.A.",,Unbabel,09/2016,US,,,,,http://www.faber-ventures.com/#portfolio,
"FABER VENTURES, S.A.",,Zaask (Youngstories SA),09/2016,,,,,,http://www.faber-ventures.com/#portfolio,
"FABER VENTURES, S.A.",,"LIQUID DATA INTELLIGENCE, S.A.",09/2016,,,,,,http://www.faber-ventures.com/#portfolio,
Oxy Capital ,,Feedzai,11/2016,,,,,,http://www.oxycapital.com/pt/?pg=portfolio,
Oxy Capital ,OXY CAPITAL MEZZANINE FUND,Nonius,11/2016,,,,,Set 2015,http://www.oxycapital.com/pt/?pg=mezz,
Explorer Investments,NDRIVE,Greenfiber Tech,11/2016,,Receitas em 2015: 0.1M€,,"Produção e comercialização de ""Decks"" baseados em compósitos",2015,http://www.explorerinvestments.com/areas-de-negocio/Capital-de-Expansao/18/,
Explorer Investments,,NMUSIC,11/2016,,Receitas em 2014: 3.3M€,,Streaming de musica,2013,http://www.explorerinvestments.com/areas-de-negocio/Capital-de-Expansao/18/,
Portugal Ventures,FAI Energias,"Windfloat ( WINDPLUS, S.A.)       ",11/2016,,O valor de incentivo contratualizado e pago pelo FAI ascendeu a 3.000.000€.,,Energia,,http://fai.pt/portfolio/windfloat/,"O projeto previa um investimento inicial total de 18,9M€, revisto posteriormente para 25,375M€. O projeto Windfloat foi promovida pela empresa Windplus, SA (EDP Inovação, Principle Power, A. Silva Matos e Portugal Ventures)."
Mitsubishi Corporation (MC),Diamond Generating Europe,"Windfloat ( WINDPLUS, S.A.)       ",11/2016,,20% stake,,Energia,Nov 2015,http://www.mitsubishicorp.com/jp/en/pr/archive/2015/html/0000028944.html,
Chiyoda Corporation (Chiyoda),,"Windfloat ( WINDPLUS, S.A.)       ",11/2016,,20% stake,,Energia,,http://www.mitsubishicorp.com/jp/en/pr/archive/2015/html/0000028944.html,
EU,Chiyoda Generating Europe,"Windfloat ( WINDPLUS, S.A.)       ",11/2016,,apoio de 30M€ PARA 25 MW, projetos de demonstração,Energia,23 Abril 2015,http://europa.eu/rapid/press-release_IP-15-4836_pt.htm,
REPSOL,,"Windfloat ( WINDPLUS, S.A.)       ",11/2016,,"25,37% na sociedade Principle Power Inc.,. junto com outros parceiros: EDP, A. Silva Matos e Portugal Ventures. A sociedade desenvolve a tecnologia WindFloat de plataformas flutuantes semi-submersíveis para a instalação de aero-geradores offshore, demonstrando a tecnologia à escala real através do protótipo Windfloat1 que opera na costa Portuguesa",,Energia,,https://www.repsol.com/pt_pt/corporacion/conocer-repsol/repsol-en-el-mundo/portugal.aspx,
EDP,principle power,"Windfloat ( WINDPLUS, S.A.)       ",11/2016,,"* WindPlus shareholders are edp, repsol, inovcapital, principle power and a. silva matos (página 11)",,Energia,Out de 2012,https://ec.europa.eu/maritimeaffairs/sites/maritimeaffairs/files/docs/body/forum_brest_maciel_en.pdf,